id,project_a,project_b
1,https://github.com/prettier-solidity/prettier-plugin-solidity,https://github.com/ethers-io/ethers.js
8,https://github.com/prettier-solidity/prettier-plugin-solidity,https://github.com/bluealloy/revm
13,https://github.com/prettier-solidity/prettier-plugin-solidity,https://github.com/paradigmxyz/reth
15,https://github.com/prettier-solidity/prettier-plugin-solidity,https://github.com/ipfs/js-ipfs
18,https://github.com/prysmaticlabs/prysm,https://github.com/consensys/teku
23,https://github.com/prysmaticlabs/prysm,https://github.com/chainsafe/lodestar
26,https://github.com/sigp/lighthouse,https://github.com/prysmaticlabs/prysm
27,https://github.com/sigp/lighthouse,https://github.com/ethers-io/ethers.js
30,https://github.com/sigp/lighthouse,https://github.com/prettier-solidity/prettier-plugin-solidity
31,https://github.com/sigp/lighthouse,https://github.com/ethereum/solidity
32,https://github.com/sigp/lighthouse,https://github.com/ethereum/remix-project
33,https://github.com/sigp/lighthouse,https://github.com/ethereum/go-ethereum
34,https://github.com/sigp/lighthouse,https://github.com/chainsafe/lodestar
44,https://github.com/sigp/lighthouse,https://github.com/alloy-rs/core
45,https://github.com/sigp/lighthouse,https://github.com/ethereumjs/ethereumjs-monorepo
46,https://github.com/sigp/lighthouse,https://github.com/quic-go/quic-go
49,https://github.com/sigp/lighthouse,https://github.com/ethereum/solc-js
52,https://github.com/walletconnect/walletconnect-monorepo,https://github.com/sigp/lighthouse
53,https://github.com/walletconnect/walletconnect-monorepo,https://github.com/nomicfoundation/hardhat
57,https://github.com/walletconnect/walletconnect-monorepo,https://github.com/ethereum/solidity
59,https://github.com/walletconnect/walletconnect-monorepo,https://github.com/ethereum/go-ethereum
60,https://github.com/walletconnect/walletconnect-monorepo,https://github.com/chainsafe/lodestar
64,https://github.com/walletconnect/walletconnect-monorepo,https://github.com/mikemcl/bignumber.js
68,https://github.com/walletconnect/walletconnect-monorepo,https://github.com/redux-saga/redux-saga
70,https://github.com/walletconnect/walletconnect-monorepo,https://github.com/vercel/swr
71,https://github.com/walletconnect/walletconnect-monorepo,https://github.com/pytest-dev/pytest
74,https://github.com/walletconnect/walletconnect-monorepo,https://github.com/emotion-js/emotion
77,https://github.com/walletconnect/walletconnect-monorepo,https://github.com/clap-rs/clap
81,https://github.com/walletconnect/walletconnect-monorepo,https://github.com/swc-project/swc
88,https://github.com/walletconnect/walletconnect-monorepo,https://github.com/gulpjs/gulp
89,https://github.com/walletconnect/walletconnect-monorepo,https://github.com/typescript-eslint/typescript-eslint
94,https://github.com/walletconnect/walletconnect-monorepo,https://github.com/rollup/rollup
97,https://github.com/walletconnect/walletconnect-monorepo,https://github.com/heim-rs/darwin-libproc
103,https://github.com/walletconnect/walletconnect-monorepo,https://github.com/humanwhocodes/object-schema
105,https://github.com/nomicfoundation/hardhat,https://github.com/consensys/teku
109,https://github.com/nomicfoundation/hardhat,https://github.com/chainsafe/lodestar
110,https://github.com/nomicfoundation/hardhat,https://github.com/bluealloy/revm
112,https://github.com/nomicfoundation/hardhat,https://github.com/alloy-rs/core
121,https://github.com/vyperlang/vyper,https://github.com/prettier-solidity/prettier-plugin-solidity
125,https://github.com/vyperlang/vyper,https://github.com/chainsafe/lodestar
135,https://github.com/vyperlang/vyper,https://github.com/paradigmxyz/reth
136,https://github.com/vyperlang/vyper,https://github.com/alloy-rs/core
140,https://github.com/vyperlang/vyper,https://github.com/erigontech/erigon
142,https://github.com/vyperlang/vyper,https://github.com/ethereum/solc-js
145,https://github.com/wighawag/hardhat-deploy,https://github.com/walletconnect/walletconnect-monorepo
150,https://github.com/wighawag/hardhat-deploy,https://github.com/prettier-solidity/prettier-plugin-solidity
153,https://github.com/wighawag/hardhat-deploy,https://github.com/ethereum/go-ethereum
158,https://github.com/wighawag/hardhat-deploy,https://github.com/protofire/solhint
163,https://github.com/wighawag/hardhat-deploy,https://github.com/eth-infinitism/account-abstraction
167,https://github.com/wighawag/hardhat-deploy,https://github.com/paradigmxyz/reth
169,https://github.com/ethers-io/ethers.js,https://github.com/consensys/teku
171,https://github.com/ethers-io/ethers.js,https://github.com/ethereum/remix-project
174,https://github.com/ethers-io/ethers.js,https://github.com/bluealloy/revm
175,https://github.com/ethers-io/ethers.js,https://github.com/axios/axios
176,https://github.com/ethers-io/ethers.js,https://github.com/browserslist/browserslist
177,https://github.com/ethers-io/ethers.js,https://github.com/epoberezkin/fast-deep-equal
178,https://github.com/ethers-io/ethers.js,https://github.com/cssnano/cssnano
179,https://github.com/ethers-io/ethers.js,https://github.com/emotion-js/emotion
180,https://github.com/ethers-io/ethers.js,https://github.com/eslint/eslint
184,https://github.com/ethers-io/ethers.js,https://github.com/chzyer/readline
185,https://github.com/ethers-io/ethers.js,https://github.com/electron/electron
188,https://github.com/ethers-io/ethers.js,https://github.com/dcodeio/long.js
189,https://github.com/ethers-io/ethers.js,https://github.com/eth-infinitism/account-abstraction
193,https://github.com/ethereum/solidity,https://github.com/ethereum/go-ethereum
195,https://github.com/ethereum/solidity,https://github.com/chainsafe/lodestar
196,https://github.com/ethereum/solidity,https://github.com/eth-infinitism/account-abstraction
197,https://github.com/ethereum/solidity,https://github.com/crate-crypto/go-ipa
200,https://github.com/ethereum/solidity,https://github.com/erigontech/erigon
204,https://github.com/ethereum/remix-project,https://github.com/chainsafe/lodestar
209,https://github.com/ethereum/go-ethereum,https://github.com/consensys/teku
211,https://github.com/ethereum/go-ethereum,https://github.com/bluealloy/revm
212,https://github.com/ethereum/go-ethereum,https://github.com/eth-infinitism/account-abstraction
215,https://github.com/ethereum/go-ethereum,https://github.com/erigontech/erigon
219,https://github.com/wevm/viem,https://github.com/prysmaticlabs/prysm
220,https://github.com/wevm/viem,https://github.com/walletconnect/walletconnect-monorepo
221,https://github.com/wevm/viem,https://github.com/prettier-solidity/prettier-plugin-solidity
222,https://github.com/wevm/viem,https://github.com/vyperlang/vyper
227,https://github.com/wevm/viem,https://github.com/bluealloy/revm
228,https://github.com/wevm/viem,https://github.com/consensys/teku
230,https://github.com/wevm/viem,https://github.com/protofire/solhint
232,https://github.com/wevm/viem,https://github.com/web3/web3.js
234,https://github.com/wevm/viem,https://github.com/ipfs/js-ipfs
239,https://github.com/wevm/viem,https://github.com/crate-crypto/go-ipa
240,https://github.com/wevm/viem,https://github.com/libp2p/go-libp2p
241,https://github.com/wevm/viem,https://github.com/paradigmxyz/reth
247,https://github.com/openzeppelin/openzeppelin-contracts,https://github.com/bluealloy/revm
248,https://github.com/openzeppelin/openzeppelin-contracts,https://github.com/nomicfoundation/hardhat
252,https://github.com/openzeppelin/openzeppelin-contracts,https://github.com/ethereum/remix-project
255,https://github.com/openzeppelin/openzeppelin-contracts,https://github.com/crate-crypto/go-ipa
257,https://github.com/openzeppelin/openzeppelin-contracts,https://github.com/alloy-rs/core
258,https://github.com/protofire/solhint,https://github.com/ethers-io/ethers.js
260,https://github.com/protofire/solhint,https://github.com/openzeppelin/openzeppelin-contracts
264,https://github.com/protofire/solhint,https://github.com/prettier-solidity/prettier-plugin-solidity
267,https://github.com/protofire/solhint,https://github.com/ethereum/go-ethereum
271,https://github.com/protofire/solhint,https://github.com/alloy-rs/core
273,https://github.com/protofire/solhint,https://github.com/ipfs/js-ipfs
275,https://github.com/web3/web3.js,https://github.com/openzeppelin/openzeppelin-contracts
277,https://github.com/web3/web3.js,https://github.com/ethereum/solidity
279,https://github.com/web3/web3.js,https://github.com/sigp/lighthouse
280,https://github.com/web3/web3.js,https://github.com/ethereum/remix-project
283,https://github.com/web3/web3.js,https://github.com/nomicfoundation/hardhat
284,https://github.com/web3/web3.js,https://github.com/supranational/blst
289,https://github.com/web3/web3.js,https://github.com/vyperlang/vyper
290,https://github.com/web3/web3.js,https://github.com/status-im/nimbus-eth2
292,https://github.com/web3/web3.js,https://github.com/bluealloy/revm
296,https://github.com/ipfs/js-ipfs,https://github.com/chainsafe/lodestar
297,https://github.com/ipfs/js-ipfs,https://github.com/ethereum/solidity
299,https://github.com/ipfs/js-ipfs,https://github.com/ethereum/remix-project
300,https://github.com/ipfs/js-ipfs,https://github.com/alloy-rs/core
310,https://github.com/mochajs/mocha,https://github.com/mikemcl/bignumber.js
314,https://github.com/mochajs/mocha,https://github.com/emotion-js/emotion
315,https://github.com/mochajs/mocha,https://github.com/coinbase/coinbase-wallet-sdk
316,https://github.com/mochajs/mocha,https://github.com/bradfitz/iter
319,https://github.com/mochajs/mocha,https://github.com/mafintosh/pump
322,https://github.com/mochajs/mocha,https://github.com/heim-rs/darwin-libproc
323,https://github.com/mochajs/mocha,https://github.com/immerjs/immer
325,https://github.com/mochajs/mocha,https://github.com/lukeed/polka
326,https://github.com/mochajs/mocha,https://github.com/ajv-validator/ajv
332,https://github.com/mochajs/mocha,https://github.com/ljharb/qs
333,https://github.com/mochajs/mocha,https://github.com/epoberezkin/fast-deep-equal
344,https://github.com/mochajs/mocha,https://github.com/mmcloughlin/addchain
347,https://github.com/mochajs/mocha,https://github.com/biomejs/biome
351,https://github.com/gulpjs/gulp,https://github.com/debug-js/debug
352,https://github.com/gulpjs/gulp,https://github.com/babel/babel
355,https://github.com/gulpjs/gulp,https://github.com/gregberge/svgr
359,https://github.com/gulpjs/gulp,https://github.com/eslint/eslint
362,https://github.com/gulpjs/gulp,https://github.com/cssnano/cssnano
366,https://github.com/gulpjs/gulp,https://github.com/clap-rs/clap
367,https://github.com/gulpjs/gulp,https://github.com/fb55/entities
368,https://github.com/gulpjs/gulp,https://github.com/epoberezkin/fast-deep-equal
369,https://github.com/gulpjs/gulp,https://github.com/axios/axios
371,https://github.com/gulpjs/gulp,https://github.com/brooooooklyn/snappy
372,https://github.com/gulpjs/gulp,https://github.com/getsentry/sentry-javascript
388,https://github.com/webpack/webpack,https://github.com/reactivex/rxjs
394,https://github.com/webpack/webpack,https://github.com/gregberge/svgr
403,https://github.com/webpack/webpack,https://github.com/dcodeio/long.js
408,https://github.com/webpack/webpack,https://github.com/facebook/react
409,https://github.com/webpack/webpack,https://github.com/cssnano/cssnano
411,https://github.com/webpack/webpack,https://github.com/heim-rs/darwin-libproc
412,https://github.com/webpack/webpack,https://github.com/immerjs/immer
415,https://github.com/webpack/webpack,https://github.com/pytest-dev/pytest
416,https://github.com/webpack/webpack,https://github.com/motdotla/dotenv
417,https://github.com/webpack/webpack,https://github.com/pion/webrtc
421,https://github.com/webpack/webpack,https://github.com/browserslist/browserslist
423,https://github.com/webpack/webpack,https://github.com/node-fetch/node-fetch
424,https://github.com/webpack/webpack,https://github.com/mattn/go-isatty
431,https://github.com/webpack/webpack,https://github.com/axios/axios
433,https://github.com/webpack/webpack,https://github.com/numpy/numpy
434,https://github.com/webpack/webpack,https://github.com/vweevers/module-error
436,https://github.com/webpack/webpack,https://github.com/brooooooklyn/snappy
437,https://github.com/webpack/webpack,https://github.com/import-js/eslint-plugin-import
439,https://github.com/webpack/webpack,https://github.com/mysticatea/abort-controller
440,https://github.com/webpack/webpack,https://github.com/getsentry/sentry-javascript
443,https://github.com/webpack/webpack,https://github.com/streetsidesoftware/cspell
444,https://github.com/webpack/webpack,https://github.com/boa-dev/boa
450,https://github.com/webpack/webpack,https://github.com/mmcloughlin/addchain
451,https://github.com/webpack/webpack,https://github.com/kaelzhang/node-ignore
458,https://github.com/webpack/webpack,https://github.com/alexeyraspopov/picocolors
461,https://github.com/redux-saga/redux-saga,https://github.com/chzyer/readline
462,https://github.com/redux-saga/redux-saga,https://github.com/debug-js/debug
463,https://github.com/redux-saga/redux-saga,https://github.com/babel/babel
464,https://github.com/redux-saga/redux-saga,https://github.com/marak/colors.js
466,https://github.com/redux-saga/redux-saga,https://github.com/level/levelup
469,https://github.com/redux-saga/redux-saga,https://github.com/electron/electron
472,https://github.com/redux-saga/redux-saga,https://github.com/pnpm/cmd-shim
473,https://github.com/redux-saga/redux-saga,https://github.com/coinbase/coinbase-wallet-sdk
479,https://github.com/redux-saga/redux-saga,https://github.com/prettier/prettier
480,https://github.com/redux-saga/redux-saga,https://github.com/facebook/react
486,https://github.com/redux-saga/redux-saga,https://github.com/pytest-dev/pytest
487,https://github.com/redux-saga/redux-saga,https://github.com/motdotla/dotenv
491,https://github.com/redux-saga/redux-saga,https://github.com/mozilla/source-map
496,https://github.com/redux-saga/redux-saga,https://github.com/clap-rs/clap
499,https://github.com/redux-saga/redux-saga,https://github.com/epoberezkin/fast-deep-equal
502,https://github.com/redux-saga/redux-saga,https://github.com/colorjs/color-name
507,https://github.com/redux-saga/redux-saga,https://github.com/humanwhocodes/object-schema
508,https://github.com/redux-saga/redux-saga,https://github.com/boa-dev/boa
512,https://github.com/redux-saga/redux-saga,https://github.com/nodeca/js-yaml
522,https://github.com/debug-js/debug,https://github.com/coinbase/coinbase-wallet-sdk
523,https://github.com/debug-js/debug,https://github.com/bradfitz/iter
528,https://github.com/debug-js/debug,https://github.com/clap-rs/clap
529,https://github.com/debug-js/debug,https://github.com/axios/axios
533,https://github.com/debug-js/debug,https://github.com/biomejs/biome
534,https://github.com/debug-js/debug,https://github.com/alexeyraspopov/picocolors
536,https://github.com/chzyer/readline,https://github.com/ajv-validator/ajv
539,https://github.com/chzyer/readline,https://github.com/boa-dev/boa
544,https://github.com/vuejs/vue,https://github.com/mochajs/mocha
545,https://github.com/vuejs/vue,https://github.com/babel/babel
548,https://github.com/vuejs/vue,https://github.com/level/levelup
550,https://github.com/vuejs/vue,https://github.com/mikemcl/bignumber.js
552,https://github.com/vuejs/vue,https://github.com/electron/electron
555,https://github.com/vuejs/vue,https://github.com/pnpm/cmd-shim
556,https://github.com/vuejs/vue,https://github.com/coinbase/coinbase-wallet-sdk
558,https://github.com/vuejs/vue,https://github.com/bradfitz/iter
562,https://github.com/vuejs/vue,https://github.com/dcodeio/long.js
565,https://github.com/vuejs/vue,https://github.com/prettier/prettier
566,https://github.com/vuejs/vue,https://github.com/typescript-eslint/typescript-eslint
568,https://github.com/vuejs/vue,https://github.com/cssnano/cssnano
569,https://github.com/vuejs/vue,https://github.com/salesforce/tough-cookie
573,https://github.com/vuejs/vue,https://github.com/lukeed/polka
574,https://github.com/vuejs/vue,https://github.com/pytest-dev/pytest
579,https://github.com/vuejs/vue,https://github.com/mozilla/source-map
582,https://github.com/vuejs/vue,https://github.com/node-fetch/node-fetch
583,https://github.com/vuejs/vue,https://github.com/mattn/go-isatty
595,https://github.com/vuejs/vue,https://github.com/vercel/swr
597,https://github.com/vuejs/vue,https://github.com/getsentry/sentry-javascript
599,https://github.com/vuejs/vue,https://github.com/streetsidesoftware/cspell
600,https://github.com/vuejs/vue,https://github.com/boa-dev/boa
602,https://github.com/vuejs/vue,https://github.com/inikulin/parse5
603,https://github.com/vuejs/vue,https://github.com/ethers-io/ethers.js
606,https://github.com/vuejs/vue,https://github.com/mmcloughlin/addchain
611,https://github.com/vuejs/vue,https://github.com/biomejs/biome
612,https://github.com/vuejs/vue,https://github.com/fastify/fastify
613,https://github.com/vuejs/vue,https://github.com/servo/rust-smallvec
622,https://github.com/marak/colors.js,https://github.com/eslint/eslint
632,https://github.com/marak/colors.js,https://github.com/ajv-validator/ajv
638,https://github.com/marak/colors.js,https://github.com/lukeed/polka
643,https://github.com/reactivex/rxjs,https://github.com/gulpjs/gulp
645,https://github.com/reactivex/rxjs,https://github.com/babel/babel
651,https://github.com/reactivex/rxjs,https://github.com/go-task/slim-sprig
652,https://github.com/reactivex/rxjs,https://github.com/ethers-io/ethers.js
655,https://github.com/reactivex/rxjs,https://github.com/floating-ui/floating-ui
656,https://github.com/reactivex/rxjs,https://github.com/import-js/eslint-plugin-import
658,https://github.com/reactivex/rxjs,https://github.com/pnpm/cmd-shim
666,https://github.com/reactivex/rxjs,https://github.com/electron/electron
671,https://github.com/reactivex/rxjs,https://github.com/mattn/go-isatty
677,https://github.com/reactivex/rxjs,https://github.com/pion/webrtc
679,https://github.com/reactivex/rxjs,https://github.com/axios/axios
680,https://github.com/reactivex/rxjs,https://github.com/motdotla/dotenv
681,https://github.com/reactivex/rxjs,https://github.com/chzyer/readline
683,https://github.com/reactivex/rxjs,https://github.com/boa-dev/boa
686,https://github.com/webreflection/flatted,https://github.com/redux-saga/redux-saga
692,https://github.com/webreflection/flatted,https://github.com/mochajs/mocha
694,https://github.com/webreflection/flatted,https://github.com/rollup/rollup
696,https://github.com/webreflection/flatted,https://github.com/marak/colors.js
701,https://github.com/webreflection/flatted,https://github.com/chzyer/readline
706,https://github.com/webreflection/flatted,https://github.com/sindresorhus/type-fest
713,https://github.com/webreflection/flatted,https://github.com/typescript-eslint/typescript-eslint
719,https://github.com/webreflection/flatted,https://github.com/jedisct1/go-minisign
722,https://github.com/webreflection/flatted,https://github.com/motdotla/dotenv
728,https://github.com/webreflection/flatted,https://github.com/floating-ui/floating-ui
730,https://github.com/webreflection/flatted,https://github.com/mattn/go-isatty
735,https://github.com/webreflection/flatted,https://github.com/ljharb/qs
737,https://github.com/webreflection/flatted,https://github.com/numpy/numpy
743,https://github.com/webreflection/flatted,https://github.com/streetsidesoftware/cspell
745,https://github.com/webreflection/flatted,https://github.com/humanwhocodes/object-schema
747,https://github.com/webreflection/flatted,https://github.com/inikulin/parse5
756,https://github.com/xtuc/webassemblyjs,https://github.com/webreflection/flatted
757,https://github.com/xtuc/webassemblyjs,https://github.com/babel/babel
760,https://github.com/xtuc/webassemblyjs,https://github.com/mochajs/mocha
762,https://github.com/xtuc/webassemblyjs,https://github.com/rollup/rollup
765,https://github.com/xtuc/webassemblyjs,https://github.com/go-task/slim-sprig
766,https://github.com/xtuc/webassemblyjs,https://github.com/electron/electron
773,https://github.com/xtuc/webassemblyjs,https://github.com/swc-project/swc
777,https://github.com/xtuc/webassemblyjs,https://github.com/sheetjs/js-crc32
782,https://github.com/rollup/rollup,https://github.com/redux-saga/redux-saga
786,https://github.com/rollup/rollup,https://github.com/gulpjs/gulp
788,https://github.com/rollup/rollup,https://github.com/reactivex/rxjs
790,https://github.com/rollup/rollup,https://github.com/marak/colors.js
791,https://github.com/rollup/rollup,https://github.com/go-task/slim-sprig
795,https://github.com/rollup/rollup,https://github.com/chzyer/readline
799,https://github.com/rollup/rollup,https://github.com/eslint/eslint
802,https://github.com/rollup/rollup,https://github.com/mafintosh/pump
803,https://github.com/rollup/rollup,https://github.com/prettier/prettier
804,https://github.com/rollup/rollup,https://github.com/facebook/react
806,https://github.com/rollup/rollup,https://github.com/heim-rs/darwin-libproc
808,https://github.com/rollup/rollup,https://github.com/jedisct1/go-minisign
810,https://github.com/rollup/rollup,https://github.com/pytest-dev/pytest
811,https://github.com/rollup/rollup,https://github.com/motdotla/dotenv
812,https://github.com/rollup/rollup,https://github.com/pion/webrtc
813,https://github.com/rollup/rollup,https://github.com/postcss/postcss
818,https://github.com/rollup/rollup,https://github.com/node-fetch/node-fetch
819,https://github.com/rollup/rollup,https://github.com/mattn/go-isatty
830,https://github.com/rollup/rollup,https://github.com/mysticatea/abort-controller
832,https://github.com/rollup/rollup,https://github.com/humanwhocodes/object-schema
839,https://github.com/rollup/rollup,https://github.com/mmcloughlin/addchain
840,https://github.com/rollup/rollup,https://github.com/kaelzhang/node-ignore
841,https://github.com/rollup/rollup,https://github.com/google/flatbuffers
843,https://github.com/rollup/rollup,https://github.com/fastify/fastify
845,https://github.com/level/levelup,https://github.com/debug-js/debug
848,https://github.com/level/levelup,https://github.com/go-task/slim-sprig
858,https://github.com/level/levelup,https://github.com/cssnano/cssnano
860,https://github.com/level/levelup,https://github.com/immerjs/immer
863,https://github.com/level/levelup,https://github.com/browserslist/browserslist
865,https://github.com/level/levelup,https://github.com/clap-rs/clap
868,https://github.com/level/levelup,https://github.com/axios/axios
870,https://github.com/level/levelup,https://github.com/brooooooklyn/snappy
872,https://github.com/level/levelup,https://github.com/getsentry/sentry-javascript
875,https://github.com/level/levelup,https://github.com/inikulin/parse5
880,https://github.com/level/levelup,https://github.com/biomejs/biome
882,https://github.com/level/levelup,https://github.com/alexeyraspopov/picocolors
888,https://github.com/mikemcl/bignumber.js,https://github.com/electron/electron
890,https://github.com/mikemcl/bignumber.js,https://github.com/emotion-js/emotion
894,https://github.com/mikemcl/bignumber.js,https://github.com/facebook/react
898,https://github.com/mikemcl/bignumber.js,https://github.com/jedisct1/go-minisign
904,https://github.com/mikemcl/bignumber.js,https://github.com/mattn/go-isatty
906,https://github.com/mikemcl/bignumber.js,https://github.com/clap-rs/clap
908,https://github.com/mikemcl/bignumber.js,https://github.com/brooooooklyn/snappy
913,https://github.com/mikemcl/bignumber.js,https://github.com/ethers-io/ethers.js
922,https://github.com/go-task/slim-sprig,https://github.com/electron/electron
927,https://github.com/go-task/slim-sprig,https://github.com/facebook/react
928,https://github.com/go-task/slim-sprig,https://github.com/cssnano/cssnano
930,https://github.com/go-task/slim-sprig,https://github.com/browserslist/browserslist
933,https://github.com/go-task/slim-sprig,https://github.com/fb55/entities
938,https://github.com/go-task/slim-sprig,https://github.com/coinbase/coinbase-wallet-sdk
941,https://github.com/go-task/slim-sprig,https://github.com/ethers-io/ethers.js
943,https://github.com/go-task/slim-sprig,https://github.com/biomejs/biome
945,https://github.com/go-task/slim-sprig,https://github.com/alexeyraspopov/picocolors
946,https://github.com/electron/electron,https://github.com/babel/babel
950,https://github.com/electron/electron,https://github.com/bradfitz/iter
953,https://github.com/electron/electron,https://github.com/ajv-validator/ajv
963,https://github.com/gregberge/svgr,https://github.com/electron/electron
965,https://github.com/gregberge/svgr,https://github.com/debug-js/debug
966,https://github.com/gregberge/svgr,https://github.com/emotion-js/emotion
970,https://github.com/gregberge/svgr,https://github.com/facebook/react
977,https://github.com/gregberge/svgr,https://github.com/clap-rs/clap
979,https://github.com/gregberge/svgr,https://github.com/brooooooklyn/snappy
986,https://github.com/emotion-js/emotion,https://github.com/bradfitz/iter
991,https://github.com/emotion-js/emotion,https://github.com/clap-rs/clap
998,https://github.com/pnpm/cmd-shim,https://github.com/debug-js/debug
1000,https://github.com/pnpm/cmd-shim,https://github.com/chzyer/readline
1002,https://github.com/pnpm/cmd-shim,https://github.com/babel/babel
1004,https://github.com/pnpm/cmd-shim,https://github.com/mochajs/mocha
1007,https://github.com/pnpm/cmd-shim,https://github.com/coinbase/coinbase-wallet-sdk
1012,https://github.com/pnpm/cmd-shim,https://github.com/mafintosh/pump
1018,https://github.com/pnpm/cmd-shim,https://github.com/jedisct1/go-minisign
1019,https://github.com/pnpm/cmd-shim,https://github.com/lukeed/polka
1023,https://github.com/pnpm/cmd-shim,https://github.com/mozilla/source-map
1024,https://github.com/pnpm/cmd-shim,https://github.com/browserslist/browserslist
1026,https://github.com/pnpm/cmd-shim,https://github.com/node-fetch/node-fetch
1028,https://github.com/pnpm/cmd-shim,https://github.com/marak/colors.js
1030,https://github.com/pnpm/cmd-shim,https://github.com/fb55/entities
1033,https://github.com/pnpm/cmd-shim,https://github.com/axios/axios
1035,https://github.com/pnpm/cmd-shim,https://github.com/colorjs/color-name
1037,https://github.com/pnpm/cmd-shim,https://github.com/import-js/eslint-plugin-import
1038,https://github.com/pnpm/cmd-shim,https://github.com/mysticatea/abort-controller
1042,https://github.com/pnpm/cmd-shim,https://github.com/pandas-dev/pandas
1043,https://github.com/pnpm/cmd-shim,https://github.com/inikulin/parse5
1045,https://github.com/pnpm/cmd-shim,https://github.com/nodeca/js-yaml
1048,https://github.com/pnpm/cmd-shim,https://github.com/kaelzhang/node-ignore
1053,https://github.com/wooorm/markdown-table,https://github.com/debug-js/debug
1054,https://github.com/wooorm/markdown-table,https://github.com/webreflection/flatted
1056,https://github.com/wooorm/markdown-table,https://github.com/chzyer/readline
1062,https://github.com/wooorm/markdown-table,https://github.com/rollup/rollup
1065,https://github.com/wooorm/markdown-table,https://github.com/mochajs/mocha
1068,https://github.com/wooorm/markdown-table,https://github.com/sheetjs/js-crc32
1069,https://github.com/wooorm/markdown-table,https://github.com/dcodeio/long.js
1072,https://github.com/wooorm/markdown-table,https://github.com/swc-project/swc
1074,https://github.com/wooorm/markdown-table,https://github.com/eslint/eslint
1075,https://github.com/wooorm/markdown-table,https://github.com/prettier/prettier
1076,https://github.com/wooorm/markdown-table,https://github.com/mikemcl/bignumber.js
1079,https://github.com/wooorm/markdown-table,https://github.com/cssnano/cssnano
1081,https://github.com/wooorm/markdown-table,https://github.com/heim-rs/darwin-libproc
1085,https://github.com/wooorm/markdown-table,https://github.com/pytest-dev/pytest
1090,https://github.com/wooorm/markdown-table,https://github.com/ajv-validator/ajv
1092,https://github.com/wooorm/markdown-table,https://github.com/humanwhocodes/object-schema
1095,https://github.com/wooorm/markdown-table,https://github.com/node-fetch/node-fetch
1103,https://github.com/wooorm/markdown-table,https://github.com/tokio-rs/tokio
1104,https://github.com/wooorm/markdown-table,https://github.com/floating-ui/floating-ui
1105,https://github.com/coinbase/coinbase-wallet-sdk,https://github.com/babel/babel
1109,https://github.com/coinbase/coinbase-wallet-sdk,https://github.com/ajv-validator/ajv
1111,https://github.com/coinbase/coinbase-wallet-sdk,https://github.com/browserslist/browserslist
1114,https://github.com/swc-project/swc,https://github.com/coinbase/coinbase-wallet-sdk
1115,https://github.com/swc-project/swc,https://github.com/electron/electron
1117,https://github.com/swc-project/swc,https://github.com/gregberge/svgr
1118,https://github.com/swc-project/swc,https://github.com/pnpm/cmd-shim
1124,https://github.com/swc-project/swc,https://github.com/gulpjs/gulp
1129,https://github.com/swc-project/swc,https://github.com/qix-/color-convert
1133,https://github.com/swc-project/swc,https://github.com/mikemcl/bignumber.js
1134,https://github.com/swc-project/swc,https://github.com/facebook/react
1135,https://github.com/swc-project/swc,https://github.com/cssnano/cssnano
1136,https://github.com/swc-project/swc,https://github.com/salesforce/tough-cookie
1139,https://github.com/swc-project/swc,https://github.com/jedisct1/go-minisign
1147,https://github.com/swc-project/swc,https://github.com/mozilla/source-map
1150,https://github.com/swc-project/swc,https://github.com/node-fetch/node-fetch
1158,https://github.com/swc-project/swc,https://github.com/axios/axios
1160,https://github.com/swc-project/swc,https://github.com/colorjs/color-name
1162,https://github.com/swc-project/swc,https://github.com/import-js/eslint-plugin-import
1165,https://github.com/swc-project/swc,https://github.com/humanwhocodes/object-schema
1172,https://github.com/swc-project/swc,https://github.com/formatjs/formatjs
1175,https://github.com/swc-project/swc,https://github.com/reactivex/rxjs
1179,https://github.com/swc-project/swc,https://github.com/servo/rust-smallvec
1188,https://github.com/sindresorhus/type-fest,https://github.com/pnpm/cmd-shim
1189,https://github.com/sindresorhus/type-fest,https://github.com/debug-js/debug
1193,https://github.com/sindresorhus/type-fest,https://github.com/gulpjs/gulp
1201,https://github.com/sindresorhus/type-fest,https://github.com/prettier/prettier
1205,https://github.com/sindresorhus/type-fest,https://github.com/salesforce/tough-cookie
1207,https://github.com/sindresorhus/type-fest,https://github.com/immerjs/immer
1211,https://github.com/sindresorhus/type-fest,https://github.com/motdotla/dotenv
1212,https://github.com/sindresorhus/type-fest,https://github.com/pion/webrtc
1221,https://github.com/sindresorhus/type-fest,https://github.com/marak/colors.js
1222,https://github.com/sindresorhus/type-fest,https://github.com/clap-rs/clap
1229,https://github.com/sindresorhus/type-fest,https://github.com/colorjs/color-name
1234,https://github.com/sindresorhus/type-fest,https://github.com/humanwhocodes/object-schema
1235,https://github.com/sindresorhus/type-fest,https://github.com/boa-dev/boa
1236,https://github.com/sindresorhus/type-fest,https://github.com/pandas-dev/pandas
1238,https://github.com/sindresorhus/type-fest,https://github.com/ethers-io/ethers.js
1243,https://github.com/sindresorhus/type-fest,https://github.com/reactivex/rxjs
1252,https://github.com/eslint/eslint,https://github.com/debug-js/debug
1254,https://github.com/eslint/eslint,https://github.com/emotion-js/emotion
1256,https://github.com/eslint/eslint,https://github.com/cssnano/cssnano
1259,https://github.com/eslint/eslint,https://github.com/browserslist/browserslist
1262,https://github.com/eslint/eslint,https://github.com/axios/axios
1264,https://github.com/eslint/eslint,https://github.com/brooooooklyn/snappy
1269,https://github.com/zloirock/core-js,https://github.com/redux-saga/redux-saga
1273,https://github.com/zloirock/core-js,https://github.com/gregberge/svgr
1279,https://github.com/zloirock/core-js,https://github.com/swc-project/swc
1284,https://github.com/zloirock/core-js,https://github.com/emotion-js/emotion
1287,https://github.com/zloirock/core-js,https://github.com/eslint/eslint
1289,https://github.com/zloirock/core-js,https://github.com/dcodeio/long.js
1290,https://github.com/zloirock/core-js,https://github.com/qix-/color-convert
1293,https://github.com/zloirock/core-js,https://github.com/wooorm/markdown-table
1296,https://github.com/zloirock/core-js,https://github.com/typescript-eslint/typescript-eslint
1299,https://github.com/zloirock/core-js,https://github.com/salesforce/tough-cookie
1310,https://github.com/zloirock/core-js,https://github.com/mozilla/source-map
1314,https://github.com/zloirock/core-js,https://github.com/mattn/go-isatty
1323,https://github.com/zloirock/core-js,https://github.com/axios/axios
1331,https://github.com/zloirock/core-js,https://github.com/mysticatea/abort-controller
1335,https://github.com/zloirock/core-js,https://github.com/streetsidesoftware/cspell
1337,https://github.com/zloirock/core-js,https://github.com/pandas-dev/pandas
1339,https://github.com/zloirock/core-js,https://github.com/ethers-io/ethers.js
1341,https://github.com/zloirock/core-js,https://github.com/formatjs/formatjs
1346,https://github.com/zloirock/core-js,https://github.com/tklauser/go-sysconf
1352,https://github.com/zloirock/core-js,https://github.com/alexeyraspopov/picocolors
1353,https://github.com/sheetjs/js-crc32,https://github.com/babel/babel
1358,https://github.com/sheetjs/js-crc32,https://github.com/pnpm/cmd-shim
1361,https://github.com/sheetjs/js-crc32,https://github.com/mafintosh/pump
1362,https://github.com/sheetjs/js-crc32,https://github.com/mochajs/mocha
1363,https://github.com/sheetjs/js-crc32,https://github.com/eslint/eslint
1367,https://github.com/sheetjs/js-crc32,https://github.com/gulpjs/gulp
1371,https://github.com/sheetjs/js-crc32,https://github.com/cssnano/cssnano
1374,https://github.com/sheetjs/js-crc32,https://github.com/immerjs/immer
1377,https://github.com/sheetjs/js-crc32,https://github.com/pytest-dev/pytest
1378,https://github.com/sheetjs/js-crc32,https://github.com/gregberge/svgr
1386,https://github.com/sheetjs/js-crc32,https://github.com/floating-ui/floating-ui
1393,https://github.com/sheetjs/js-crc32,https://github.com/epoberezkin/fast-deep-equal
1398,https://github.com/sheetjs/js-crc32,https://github.com/brooooooklyn/snappy
1405,https://github.com/sheetjs/js-crc32,https://github.com/pandas-dev/pandas
1408,https://github.com/sheetjs/js-crc32,https://github.com/nodeca/js-yaml
1412,https://github.com/sheetjs/js-crc32,https://github.com/reactivex/rxjs
1413,https://github.com/sheetjs/js-crc32,https://github.com/google/flatbuffers
1415,https://github.com/sheetjs/js-crc32,https://github.com/fastify/fastify
1420,https://github.com/dcodeio/long.js,https://github.com/chzyer/readline
1422,https://github.com/dcodeio/long.js,https://github.com/browserslist/browserslist
1423,https://github.com/dcodeio/long.js,https://github.com/clap-rs/clap
1424,https://github.com/dcodeio/long.js,https://github.com/axios/axios
1428,https://github.com/dcodeio/long.js,https://github.com/boa-dev/boa
1430,https://github.com/qix-/color-convert,https://github.com/emotion-js/emotion
1433,https://github.com/qix-/color-convert,https://github.com/pnpm/cmd-shim
1437,https://github.com/qix-/color-convert,https://github.com/eslint/eslint
1438,https://github.com/qix-/color-convert,https://github.com/prettier/prettier
1443,https://github.com/qix-/color-convert,https://github.com/pytest-dev/pytest
1445,https://github.com/qix-/color-convert,https://github.com/browserslist/browserslist
1452,https://github.com/qix-/color-convert,https://github.com/mattn/go-isatty
1455,https://github.com/qix-/color-convert,https://github.com/clap-rs/clap
1457,https://github.com/qix-/color-convert,https://github.com/facebook/react
1458,https://github.com/qix-/color-convert,https://github.com/floating-ui/floating-ui
1466,https://github.com/qix-/color-convert,https://github.com/immerjs/immer
1468,https://github.com/mafintosh/pump,https://github.com/babel/babel
1469,https://github.com/mafintosh/pump,https://github.com/emotion-js/emotion
1475,https://github.com/mafintosh/pump,https://github.com/gulpjs/gulp
1476,https://github.com/mafintosh/pump,https://github.com/electron/electron
1478,https://github.com/mafintosh/pump,https://github.com/cssnano/cssnano
1481,https://github.com/mafintosh/pump,https://github.com/jedisct1/go-minisign
1488,https://github.com/prettier/prettier,https://github.com/babel/babel
1489,https://github.com/prettier/prettier,https://github.com/emotion-js/emotion
1491,https://github.com/prettier/prettier,https://github.com/debug-js/debug
1500,https://github.com/prettier/prettier,https://github.com/electron/electron
1502,https://github.com/prettier/prettier,https://github.com/cssnano/cssnano
1504,https://github.com/prettier/prettier,https://github.com/immerjs/immer
1508,https://github.com/prettier/prettier,https://github.com/motdotla/dotenv
1512,https://github.com/prettier/prettier,https://github.com/ajv-validator/ajv
1515,https://github.com/prettier/prettier,https://github.com/floating-ui/floating-ui
1518,https://github.com/prettier/prettier,https://github.com/marak/colors.js
1526,https://github.com/prettier/prettier,https://github.com/brooooooklyn/snappy
1533,https://github.com/prettier/prettier,https://github.com/pandas-dev/pandas
1537,https://github.com/prettier/prettier,https://github.com/formatjs/formatjs
1539,https://github.com/prettier/prettier,https://github.com/kaelzhang/node-ignore
1540,https://github.com/prettier/prettier,https://github.com/google/flatbuffers
1544,https://github.com/typescript-eslint/typescript-eslint,https://github.com/mochajs/mocha
1546,https://github.com/typescript-eslint/typescript-eslint,https://github.com/sheetjs/js-crc32
1547,https://github.com/typescript-eslint/typescript-eslint,https://github.com/facebook/react
1555,https://github.com/typescript-eslint/typescript-eslint,https://github.com/babel/babel
1557,https://github.com/typescript-eslint/typescript-eslint,https://github.com/eslint/eslint
1558,https://github.com/typescript-eslint/typescript-eslint,https://github.com/rollup/rollup
1564,https://github.com/typescript-eslint/typescript-eslint,https://github.com/dcodeio/long.js
1567,https://github.com/typescript-eslint/typescript-eslint,https://github.com/redux-saga/redux-saga
1570,https://github.com/typescript-eslint/typescript-eslint,https://github.com/gregberge/svgr
1573,https://github.com/typescript-eslint/typescript-eslint,https://github.com/pion/webrtc
1576,https://github.com/typescript-eslint/typescript-eslint,https://github.com/ajv-validator/ajv
1578,https://github.com/typescript-eslint/typescript-eslint,https://github.com/browserslist/browserslist
1579,https://github.com/typescript-eslint/typescript-eslint,https://github.com/floating-ui/floating-ui
1584,https://github.com/typescript-eslint/typescript-eslint,https://github.com/fb55/entities
1591,https://github.com/typescript-eslint/typescript-eslint,https://github.com/colorjs/color-name
1594,https://github.com/typescript-eslint/typescript-eslint,https://github.com/mysticatea/abort-controller
1603,https://github.com/typescript-eslint/typescript-eslint,https://github.com/nodeca/js-yaml
1607,https://github.com/typescript-eslint/typescript-eslint,https://github.com/reactivex/rxjs
1611,https://github.com/typescript-eslint/typescript-eslint,https://github.com/biomejs/biome
1612,https://github.com/typescript-eslint/typescript-eslint,https://github.com/fastify/fastify
1615,https://github.com/salesforce/tough-cookie,https://github.com/mochajs/mocha
1616,https://github.com/salesforce/tough-cookie,https://github.com/gulpjs/gulp
1617,https://github.com/salesforce/tough-cookie,https://github.com/facebook/react
1619,https://github.com/salesforce/tough-cookie,https://github.com/level/levelup
1621,https://github.com/salesforce/tough-cookie,https://github.com/mikemcl/bignumber.js
1633,https://github.com/salesforce/tough-cookie,https://github.com/lukeed/polka
1638,https://github.com/salesforce/tough-cookie,https://github.com/mafintosh/pump
1642,https://github.com/salesforce/tough-cookie,https://github.com/browserslist/browserslist
1645,https://github.com/salesforce/tough-cookie,https://github.com/ajv-validator/ajv
1652,https://github.com/salesforce/tough-cookie,https://github.com/axios/axios
1654,https://github.com/salesforce/tough-cookie,https://github.com/import-js/eslint-plugin-import
1656,https://github.com/salesforce/tough-cookie,https://github.com/mysticatea/abort-controller
1657,https://github.com/salesforce/tough-cookie,https://github.com/coinbase/coinbase-wallet-sdk
1658,https://github.com/salesforce/tough-cookie,https://github.com/getsentry/sentry-javascript
1661,https://github.com/salesforce/tough-cookie,https://github.com/pandas-dev/pandas
1663,https://github.com/salesforce/tough-cookie,https://github.com/boa-dev/boa
1666,https://github.com/salesforce/tough-cookie,https://github.com/rich-harris/magic-string
1668,https://github.com/salesforce/tough-cookie,https://github.com/mmcloughlin/addchain
1671,https://github.com/salesforce/tough-cookie,https://github.com/google/flatbuffers
1672,https://github.com/salesforce/tough-cookie,https://github.com/qix-/color-convert
1690,https://github.com/pytest-dev/pytest,https://github.com/jedisct1/go-minisign
1692,https://github.com/pytest-dev/pytest,https://github.com/lukeed/polka
1704,https://github.com/pytest-dev/pytest,https://github.com/node-fetch/node-fetch
1707,https://github.com/pytest-dev/pytest,https://github.com/clap-rs/clap
1710,https://github.com/pytest-dev/pytest,https://github.com/epoberezkin/fast-deep-equal
1719,https://github.com/pytest-dev/pytest,https://github.com/humanwhocodes/object-schema
1726,https://github.com/pytest-dev/pytest,https://github.com/mmcloughlin/addchain
1728,https://github.com/pytest-dev/pytest,https://github.com/google/flatbuffers
1729,https://github.com/pytest-dev/pytest,https://github.com/biomejs/biome
1730,https://github.com/pytest-dev/pytest,https://github.com/fastify/fastify
1732,https://github.com/heim-rs/darwin-libproc,https://github.com/gulpjs/gulp
1733,https://github.com/heim-rs/darwin-libproc,https://github.com/facebook/react
1738,https://github.com/heim-rs/darwin-libproc,https://github.com/debug-js/debug
1739,https://github.com/heim-rs/darwin-libproc,https://github.com/eslint/eslint
1741,https://github.com/heim-rs/darwin-libproc,https://github.com/dcodeio/long.js
1745,https://github.com/heim-rs/darwin-libproc,https://github.com/browserslist/browserslist
1748,https://github.com/heim-rs/darwin-libproc,https://github.com/axios/axios
1750,https://github.com/heim-rs/darwin-libproc,https://github.com/brooooooklyn/snappy
1757,https://github.com/immerjs/immer,https://github.com/gulpjs/gulp
1765,https://github.com/immerjs/immer,https://github.com/heim-rs/darwin-libproc
1770,https://github.com/immerjs/immer,https://github.com/ajv-validator/ajv
1780,https://github.com/immerjs/immer,https://github.com/getsentry/sentry-javascript
1781,https://github.com/immerjs/immer,https://github.com/humanwhocodes/object-schema
1787,https://github.com/immerjs/immer,https://github.com/fastify/fastify
1789,https://github.com/jedisct1/go-minisign,https://github.com/gulpjs/gulp
1790,https://github.com/jedisct1/go-minisign,https://github.com/facebook/react
1792,https://github.com/jedisct1/go-minisign,https://github.com/emotion-js/emotion
1796,https://github.com/jedisct1/go-minisign,https://github.com/eslint/eslint
1799,https://github.com/jedisct1/go-minisign,https://github.com/electron/electron
1801,https://github.com/jedisct1/go-minisign,https://github.com/gregberge/svgr
1802,https://github.com/jedisct1/go-minisign,https://github.com/chzyer/readline
1810,https://github.com/jedisct1/go-minisign,https://github.com/colorjs/color-name
1813,https://github.com/jedisct1/go-minisign,https://github.com/coinbase/coinbase-wallet-sdk
1814,https://github.com/jedisct1/go-minisign,https://github.com/getsentry/sentry-javascript
1815,https://github.com/jedisct1/go-minisign,https://github.com/humanwhocodes/object-schema
1816,https://github.com/jedisct1/go-minisign,https://github.com/boa-dev/boa
1821,https://github.com/jedisct1/go-minisign,https://github.com/biomejs/biome
1823,https://github.com/jedisct1/go-minisign,https://github.com/alexeyraspopov/picocolors
1831,https://github.com/lukeed/polka,https://github.com/debug-js/debug
1832,https://github.com/lukeed/polka,https://github.com/eslint/eslint
1834,https://github.com/lukeed/polka,https://github.com/immerjs/immer
1841,https://github.com/lukeed/polka,https://github.com/axios/axios
1845,https://github.com/lukeed/polka,https://github.com/clap-rs/clap
1848,https://github.com/lukeed/polka,https://github.com/import-js/eslint-plugin-import
1850,https://github.com/lukeed/polka,https://github.com/formatjs/formatjs
1851,https://github.com/lukeed/polka,https://github.com/humanwhocodes/object-schema
1861,https://github.com/facebook/react,https://github.com/electron/electron
1863,https://github.com/facebook/react,https://github.com/chzyer/readline
1865,https://github.com/facebook/react,https://github.com/browserslist/browserslist
1872,https://github.com/facebook/react,https://github.com/boa-dev/boa
1875,https://github.com/facebook/react,https://github.com/alexeyraspopov/picocolors
1878,https://github.com/cssnano/cssnano,https://github.com/ajv-validator/ajv
1879,https://github.com/cssnano/cssnano,https://github.com/browserslist/browserslist
1881,https://github.com/cssnano/cssnano,https://github.com/axios/axios
1883,https://github.com/cssnano/cssnano,https://github.com/brooooooklyn/snappy
1884,https://github.com/cssnano/cssnano,https://github.com/coinbase/coinbase-wallet-sdk
1886,https://github.com/cssnano/cssnano,https://github.com/biomejs/biome
1887,https://github.com/cssnano/cssnano,https://github.com/alexeyraspopov/picocolors
1890,https://github.com/motdotla/dotenv,https://github.com/facebook/react
1895,https://github.com/motdotla/dotenv,https://github.com/go-task/slim-sprig
1899,https://github.com/motdotla/dotenv,https://github.com/jedisct1/go-minisign
1911,https://github.com/motdotla/dotenv,https://github.com/fb55/entities
1919,https://github.com/motdotla/dotenv,https://github.com/import-js/eslint-plugin-import
1930,https://github.com/motdotla/dotenv,https://github.com/google/flatbuffers
1934,https://github.com/pion/webrtc,https://github.com/heim-rs/darwin-libproc
1937,https://github.com/pion/webrtc,https://github.com/facebook/react
1942,https://github.com/pion/webrtc,https://github.com/go-task/slim-sprig
1946,https://github.com/pion/webrtc,https://github.com/jedisct1/go-minisign
1949,https://github.com/pion/webrtc,https://github.com/electron/electron
1951,https://github.com/pion/webrtc,https://github.com/gulpjs/gulp
1953,https://github.com/pion/webrtc,https://github.com/mikemcl/bignumber.js
1957,https://github.com/pion/webrtc,https://github.com/browserslist/browserslist
1961,https://github.com/pion/webrtc,https://github.com/marak/colors.js
1963,https://github.com/pion/webrtc,https://github.com/fb55/entities
1964,https://github.com/pion/webrtc,https://github.com/ljharb/qs
1965,https://github.com/pion/webrtc,https://github.com/epoberezkin/fast-deep-equal
1966,https://github.com/pion/webrtc,https://github.com/axios/axios
1967,https://github.com/pion/webrtc,https://github.com/numpy/numpy
1968,https://github.com/pion/webrtc,https://github.com/colorjs/color-name
1973,https://github.com/pion/webrtc,https://github.com/getsentry/sentry-javascript
1979,https://github.com/pion/webrtc,https://github.com/nodeca/js-yaml
1980,https://github.com/pion/webrtc,https://github.com/formatjs/formatjs
1984,https://github.com/postcss/postcss,https://github.com/heim-rs/darwin-libproc
1989,https://github.com/postcss/postcss,https://github.com/emotion-js/emotion
1993,https://github.com/postcss/postcss,https://github.com/cssnano/cssnano
1994,https://github.com/postcss/postcss,https://github.com/go-task/slim-sprig
1996,https://github.com/postcss/postcss,https://github.com/ajv-validator/ajv
2000,https://github.com/postcss/postcss,https://github.com/debug-js/debug
2003,https://github.com/postcss/postcss,https://github.com/gulpjs/gulp
2010,https://github.com/postcss/postcss,https://github.com/floating-ui/floating-ui
2011,https://github.com/postcss/postcss,https://github.com/node-fetch/node-fetch
2013,https://github.com/postcss/postcss,https://github.com/marak/colors.js
2020,https://github.com/postcss/postcss,https://github.com/colorjs/color-name
2025,https://github.com/postcss/postcss,https://github.com/getsentry/sentry-javascript
2026,https://github.com/postcss/postcss,https://github.com/humanwhocodes/object-schema
2031,https://github.com/postcss/postcss,https://github.com/nodeca/js-yaml
2034,https://github.com/postcss/postcss,https://github.com/kaelzhang/node-ignore
2035,https://github.com/postcss/postcss,https://github.com/google/flatbuffers
2038,https://github.com/postcss/postcss,https://github.com/alexeyraspopov/picocolors
2043,https://github.com/mozilla/source-map,https://github.com/cssnano/cssnano
2044,https://github.com/mozilla/source-map,https://github.com/mafintosh/pump
2051,https://github.com/mozilla/source-map,https://github.com/debug-js/debug
2067,https://github.com/floating-ui/floating-ui,https://github.com/debug-js/debug
2068,https://github.com/floating-ui/floating-ui,https://github.com/dcodeio/long.js
2072,https://github.com/floating-ui/floating-ui,https://github.com/eslint/eslint
2074,https://github.com/floating-ui/floating-ui,https://github.com/clap-rs/clap
2079,https://github.com/floating-ui/floating-ui,https://github.com/brooooooklyn/snappy
2081,https://github.com/floating-ui/floating-ui,https://github.com/boa-dev/boa
2084,https://github.com/floating-ui/floating-ui,https://github.com/fastify/fastify
2085,https://github.com/floating-ui/floating-ui,https://github.com/alexeyraspopov/picocolors
2091,https://github.com/browserslist/browserslist,https://github.com/biomejs/biome
2096,https://github.com/node-fetch/node-fetch,https://github.com/level/levelup
2099,https://github.com/node-fetch/node-fetch,https://github.com/browserslist/browserslist
2111,https://github.com/node-fetch/node-fetch,https://github.com/chzyer/readline
2112,https://github.com/node-fetch/node-fetch,https://github.com/clap-rs/clap
2116,https://github.com/node-fetch/node-fetch,https://github.com/ljharb/qs
2122,https://github.com/node-fetch/node-fetch,https://github.com/colorjs/color-name
2124,https://github.com/node-fetch/node-fetch,https://github.com/brooooooklyn/snappy
2128,https://github.com/node-fetch/node-fetch,https://github.com/getsentry/sentry-javascript
2132,https://github.com/node-fetch/node-fetch,https://github.com/ethers-io/ethers.js
2150,https://github.com/mattn/go-isatty,https://github.com/babel/babel
2154,https://github.com/mattn/go-isatty,https://github.com/immerjs/immer
2160,https://github.com/mattn/go-isatty,https://github.com/dcodeio/long.js
2163,https://github.com/mattn/go-isatty,https://github.com/heim-rs/darwin-libproc
2167,https://github.com/mattn/go-isatty,https://github.com/inikulin/parse5
2168,https://github.com/mattn/go-isatty,https://github.com/boa-dev/boa
2173,https://github.com/mattn/go-isatty,https://github.com/kaelzhang/node-ignore
2175,https://github.com/mattn/go-isatty,https://github.com/google/flatbuffers
2176,https://github.com/mattn/go-isatty,https://github.com/biomejs/biome
2177,https://github.com/mattn/go-isatty,https://github.com/fastify/fastify
2178,https://github.com/mattn/go-isatty,https://github.com/alexeyraspopov/picocolors
2187,https://github.com/clap-rs/clap,https://github.com/alexeyraspopov/picocolors
2203,https://github.com/yarnpkg/yarn,https://github.com/ajv-validator/ajv
2211,https://github.com/yarnpkg/yarn,https://github.com/jedisct1/go-minisign
2212,https://github.com/yarnpkg/yarn,https://github.com/prettier/prettier
2214,https://github.com/yarnpkg/yarn,https://github.com/cssnano/cssnano
2217,https://github.com/yarnpkg/yarn,https://github.com/emotion-js/emotion
2219,https://github.com/yarnpkg/yarn,https://github.com/mochajs/mocha
2222,https://github.com/yarnpkg/yarn,https://github.com/salesforce/tough-cookie
2223,https://github.com/yarnpkg/yarn,https://github.com/tokio-rs/tokio
2229,https://github.com/yarnpkg/yarn,https://github.com/webdriverio/webdriverio
2235,https://github.com/yarnpkg/yarn,https://github.com/colorjs/color-name
2245,https://github.com/yarnpkg/yarn,https://github.com/getsentry/sentry-javascript
2247,https://github.com/yarnpkg/yarn,https://github.com/wooorm/markdown-table
2248,https://github.com/yarnpkg/yarn,https://github.com/walletconnect/walletconnect-monorepo
2253,https://github.com/yarnpkg/yarn,https://github.com/ethers-io/ethers.js
2257,https://github.com/yarnpkg/yarn,https://github.com/mmcloughlin/addchain
2258,https://github.com/yarnpkg/yarn,https://github.com/kaelzhang/node-ignore
2259,https://github.com/yarnpkg/yarn,https://github.com/reactivex/rxjs
2267,https://github.com/yarnpkg/yarn,https://github.com/alexeyraspopov/picocolors
2269,https://github.com/fb55/entities,https://github.com/electron/electron
2273,https://github.com/fb55/entities,https://github.com/browserslist/browserslist
2274,https://github.com/fb55/entities,https://github.com/clap-rs/clap
2277,https://github.com/fb55/entities,https://github.com/epoberezkin/fast-deep-equal
2280,https://github.com/ljharb/qs,https://github.com/babel/babel
2282,https://github.com/ljharb/qs,https://github.com/gulpjs/gulp
2284,https://github.com/ljharb/qs,https://github.com/facebook/react
2288,https://github.com/ljharb/qs,https://github.com/clap-rs/clap
2291,https://github.com/ljharb/qs,https://github.com/emotion-js/emotion
2294,https://github.com/ljharb/qs,https://github.com/level/levelup
2304,https://github.com/ljharb/qs,https://github.com/boa-dev/boa
2308,https://github.com/ljharb/qs,https://github.com/fastify/fastify
2309,https://github.com/ljharb/qs,https://github.com/biomejs/biome
2311,https://github.com/epoberezkin/fast-deep-equal,https://github.com/babel/babel
2319,https://github.com/epoberezkin/fast-deep-equal,https://github.com/chzyer/readline
2320,https://github.com/epoberezkin/fast-deep-equal,https://github.com/axios/axios
2326,https://github.com/tokio-rs/tokio,https://github.com/clap-rs/clap
2329,https://github.com/tokio-rs/tokio,https://github.com/rich-harris/magic-string
2330,https://github.com/tokio-rs/tokio,https://github.com/axios/axios
2339,https://github.com/tokio-rs/tokio,https://github.com/cssnano/cssnano
2343,https://github.com/tokio-rs/tokio,https://github.com/sindresorhus/type-fest
2348,https://github.com/tokio-rs/tokio,https://github.com/debug-js/debug
2355,https://github.com/tokio-rs/tokio,https://github.com/dcodeio/long.js
2357,https://github.com/tokio-rs/tokio,https://github.com/marak/colors.js
2358,https://github.com/tokio-rs/tokio,https://github.com/numpy/numpy
2359,https://github.com/tokio-rs/tokio,https://github.com/colorjs/color-name
2361,https://github.com/tokio-rs/tokio,https://github.com/mikemcl/bignumber.js
2372,https://github.com/tokio-rs/tokio,https://github.com/streetsidesoftware/cspell
2375,https://github.com/tokio-rs/tokio,https://github.com/inikulin/parse5
2376,https://github.com/tokio-rs/tokio,https://github.com/ethers-io/ethers.js
2382,https://github.com/tokio-rs/tokio,https://github.com/tklauser/go-sysconf
2384,https://github.com/tokio-rs/tokio,https://github.com/qix-/color-convert
2385,https://github.com/tokio-rs/tokio,https://github.com/biomejs/biome
2391,https://github.com/rich-harris/magic-string,https://github.com/clap-rs/clap
2393,https://github.com/rich-harris/magic-string,https://github.com/heim-rs/darwin-libproc
2405,https://github.com/rich-harris/magic-string,https://github.com/gulpjs/gulp
2409,https://github.com/rich-harris/magic-string,https://github.com/emotion-js/emotion
2410,https://github.com/rich-harris/magic-string,https://github.com/debug-js/debug
2412,https://github.com/rich-harris/magic-string,https://github.com/prettier/prettier
2413,https://github.com/rich-harris/magic-string,https://github.com/browserslist/browserslist
2417,https://github.com/rich-harris/magic-string,https://github.com/dcodeio/long.js
2421,https://github.com/rich-harris/magic-string,https://github.com/colorjs/color-name
2423,https://github.com/rich-harris/magic-string,https://github.com/pandas-dev/pandas
2429,https://github.com/rich-harris/magic-string,https://github.com/nodeca/js-yaml
2437,https://github.com/rich-harris/magic-string,https://github.com/reactivex/rxjs
2438,https://github.com/webdriverio/webdriverio,https://github.com/mochajs/mocha
2439,https://github.com/webdriverio/webdriverio,https://github.com/rollup/rollup
2440,https://github.com/webdriverio/webdriverio,https://github.com/immerjs/immer
2444,https://github.com/webdriverio/webdriverio,https://github.com/pytest-dev/pytest
2447,https://github.com/webdriverio/webdriverio,https://github.com/rich-harris/magic-string
2458,https://github.com/webdriverio/webdriverio,https://github.com/babel/babel
2461,https://github.com/webdriverio/webdriverio,https://github.com/sindresorhus/type-fest
2462,https://github.com/webdriverio/webdriverio,https://github.com/typescript-eslint/typescript-eslint
2464,https://github.com/webdriverio/webdriverio,https://github.com/facebook/react
2465,https://github.com/webdriverio/webdriverio,https://github.com/postcss/postcss
2467,https://github.com/webdriverio/webdriverio,https://github.com/debug-js/debug
2468,https://github.com/webdriverio/webdriverio,https://github.com/level/levelup
2469,https://github.com/webdriverio/webdriverio,https://github.com/prettier/prettier
2471,https://github.com/webdriverio/webdriverio,https://github.com/electron/electron
2472,https://github.com/webdriverio/webdriverio,https://github.com/ajv-validator/ajv
2474,https://github.com/webdriverio/webdriverio,https://github.com/dcodeio/long.js
2477,https://github.com/webdriverio/webdriverio,https://github.com/numpy/numpy
2478,https://github.com/webdriverio/webdriverio,https://github.com/vweevers/module-error
2479,https://github.com/webdriverio/webdriverio,https://github.com/colorjs/color-name
2485,https://github.com/webdriverio/webdriverio,https://github.com/vercel/swr
2495,https://github.com/webdriverio/webdriverio,https://github.com/boa-dev/boa
2499,https://github.com/webdriverio/webdriverio,https://github.com/nodeca/js-yaml
2501,https://github.com/webdriverio/webdriverio,https://github.com/mmcloughlin/addchain
2504,https://github.com/webdriverio/webdriverio,https://github.com/tklauser/go-sysconf
2511,https://github.com/webdriverio/webdriverio,https://github.com/alexeyraspopov/picocolors
2514,https://github.com/numpy/numpy,https://github.com/babel/babel
2516,https://github.com/numpy/numpy,https://github.com/emotion-js/emotion
2517,https://github.com/numpy/numpy,https://github.com/dcodeio/long.js
2518,https://github.com/numpy/numpy,https://github.com/axios/axios
2527,https://github.com/numpy/numpy,https://github.com/node-fetch/node-fetch
2530,https://github.com/numpy/numpy,https://github.com/colorjs/color-name
2535,https://github.com/numpy/numpy,https://github.com/level/levelup
2536,https://github.com/numpy/numpy,https://github.com/clap-rs/clap
2539,https://github.com/numpy/numpy,https://github.com/marak/colors.js
2541,https://github.com/numpy/numpy,https://github.com/humanwhocodes/object-schema
2542,https://github.com/numpy/numpy,https://github.com/ljharb/qs
2546,https://github.com/numpy/numpy,https://github.com/boa-dev/boa
2549,https://github.com/numpy/numpy,https://github.com/mikemcl/bignumber.js
2562,https://github.com/vweevers/module-error,https://github.com/emotion-js/emotion
2565,https://github.com/vweevers/module-error,https://github.com/pytest-dev/pytest
2571,https://github.com/vweevers/module-error,https://github.com/cssnano/cssnano
2579,https://github.com/vweevers/module-error,https://github.com/ajv-validator/ajv
2585,https://github.com/vweevers/module-error,https://github.com/typescript-eslint/typescript-eslint
2586,https://github.com/vweevers/module-error,https://github.com/colorjs/color-name
2587,https://github.com/vweevers/module-error,https://github.com/facebook/react
2588,https://github.com/vweevers/module-error,https://github.com/floating-ui/floating-ui
2592,https://github.com/vweevers/module-error,https://github.com/level/levelup
2597,https://github.com/vweevers/module-error,https://github.com/lukeed/polka
2598,https://github.com/vweevers/module-error,https://github.com/chzyer/readline
2601,https://github.com/colorjs/color-name,https://github.com/babel/babel
2602,https://github.com/colorjs/color-name,https://github.com/axios/axios
2610,https://github.com/brooooooklyn/snappy,https://github.com/boa-dev/boa
2611,https://github.com/import-js/eslint-plugin-import,https://github.com/babel/babel
2615,https://github.com/import-js/eslint-plugin-import,https://github.com/axios/axios
2621,https://github.com/import-js/eslint-plugin-import,https://github.com/brooooooklyn/snappy
2622,https://github.com/import-js/eslint-plugin-import,https://github.com/cssnano/cssnano
2623,https://github.com/import-js/eslint-plugin-import,https://github.com/ajv-validator/ajv
2624,https://github.com/import-js/eslint-plugin-import,https://github.com/heim-rs/darwin-libproc
2627,https://github.com/import-js/eslint-plugin-import,https://github.com/browserslist/browserslist
2634,https://github.com/import-js/eslint-plugin-import,https://github.com/epoberezkin/fast-deep-equal
2635,https://github.com/import-js/eslint-plugin-import,https://github.com/boa-dev/boa
2637,https://github.com/import-js/eslint-plugin-import,https://github.com/formatjs/formatjs
2638,https://github.com/import-js/eslint-plugin-import,https://github.com/google/flatbuffers
2648,https://github.com/vercel/swr,https://github.com/salesforce/tough-cookie
2650,https://github.com/vercel/swr,https://github.com/pytest-dev/pytest
2651,https://github.com/vercel/swr,https://github.com/level/levelup
2652,https://github.com/vercel/swr,https://github.com/gulpjs/gulp
2654,https://github.com/vercel/swr,https://github.com/floating-ui/floating-ui
2662,https://github.com/vercel/swr,https://github.com/brooooooklyn/snappy
2667,https://github.com/vercel/swr,https://github.com/motdotla/dotenv
2668,https://github.com/vercel/swr,https://github.com/rollup/rollup
2670,https://github.com/vercel/swr,https://github.com/sheetjs/js-crc32
2673,https://github.com/vercel/swr,https://github.com/eslint/eslint
2675,https://github.com/vercel/swr,https://github.com/mysticatea/abort-controller
2678,https://github.com/vercel/swr,https://github.com/clap-rs/clap
2679,https://github.com/vercel/swr,https://github.com/browserslist/browserslist
2680,https://github.com/vercel/swr,https://github.com/gregberge/svgr
2683,https://github.com/vercel/swr,https://github.com/typescript-eslint/typescript-eslint
2685,https://github.com/vercel/swr,https://github.com/humanwhocodes/object-schema
2686,https://github.com/vercel/swr,https://github.com/ljharb/qs
2687,https://github.com/vercel/swr,https://github.com/chzyer/readline
2690,https://github.com/vercel/swr,https://github.com/marak/colors.js
2693,https://github.com/vercel/swr,https://github.com/pandas-dev/pandas
2695,https://github.com/vercel/swr,https://github.com/ethers-io/ethers.js
2699,https://github.com/vercel/swr,https://github.com/lukeed/polka
2700,https://github.com/vercel/swr,https://github.com/mmcloughlin/addchain
2707,https://github.com/vercel/swr,https://github.com/fastify/fastify
2708,https://github.com/vercel/swr,https://github.com/servo/rust-smallvec
2716,https://github.com/mysticatea/abort-controller,https://github.com/gulpjs/gulp
2717,https://github.com/mysticatea/abort-controller,https://github.com/axios/axios
2718,https://github.com/mysticatea/abort-controller,https://github.com/floating-ui/floating-ui
2722,https://github.com/mysticatea/abort-controller,https://github.com/go-task/slim-sprig
2724,https://github.com/mysticatea/abort-controller,https://github.com/brooooooklyn/snappy
2729,https://github.com/mysticatea/abort-controller,https://github.com/heim-rs/darwin-libproc
2737,https://github.com/getsentry/sentry-javascript,https://github.com/debug-js/debug
2740,https://github.com/getsentry/sentry-javascript,https://github.com/facebook/react
2746,https://github.com/getsentry/sentry-javascript,https://github.com/ajv-validator/ajv
2747,https://github.com/getsentry/sentry-javascript,https://github.com/epoberezkin/fast-deep-equal
2750,https://github.com/getsentry/sentry-javascript,https://github.com/emotion-js/emotion
2752,https://github.com/getsentry/sentry-javascript,https://github.com/ethers-io/ethers.js
2753,https://github.com/getsentry/sentry-javascript,https://github.com/formatjs/formatjs
2755,https://github.com/humanwhocodes/object-schema,https://github.com/getsentry/sentry-javascript
2757,https://github.com/humanwhocodes/object-schema,https://github.com/dcodeio/long.js
2758,https://github.com/humanwhocodes/object-schema,https://github.com/cssnano/cssnano
2763,https://github.com/humanwhocodes/object-schema,https://github.com/gulpjs/gulp
2764,https://github.com/humanwhocodes/object-schema,https://github.com/axios/axios
2767,https://github.com/humanwhocodes/object-schema,https://github.com/epoberezkin/fast-deep-equal
2769,https://github.com/humanwhocodes/object-schema,https://github.com/heim-rs/darwin-libproc
2772,https://github.com/humanwhocodes/object-schema,https://github.com/emotion-js/emotion
2777,https://github.com/humanwhocodes/object-schema,https://github.com/formatjs/formatjs
2779,https://github.com/humanwhocodes/object-schema,https://github.com/brooooooklyn/snappy
2781,https://github.com/humanwhocodes/object-schema,https://github.com/fastify/fastify
2784,https://github.com/streetsidesoftware/cspell,https://github.com/level/levelup
2785,https://github.com/streetsidesoftware/cspell,https://github.com/mikemcl/bignumber.js
2786,https://github.com/streetsidesoftware/cspell,https://github.com/prettier/prettier
2789,https://github.com/streetsidesoftware/cspell,https://github.com/redux-saga/redux-saga
2795,https://github.com/streetsidesoftware/cspell,https://github.com/cssnano/cssnano
2804,https://github.com/streetsidesoftware/cspell,https://github.com/electron/electron
2806,https://github.com/streetsidesoftware/cspell,https://github.com/browserslist/browserslist
2808,https://github.com/streetsidesoftware/cspell,https://github.com/immerjs/immer
2813,https://github.com/streetsidesoftware/cspell,https://github.com/heim-rs/darwin-libproc
2818,https://github.com/streetsidesoftware/cspell,https://github.com/humanwhocodes/object-schema
2819,https://github.com/streetsidesoftware/cspell,https://github.com/pandas-dev/pandas
2821,https://github.com/streetsidesoftware/cspell,https://github.com/inikulin/parse5
2823,https://github.com/streetsidesoftware/cspell,https://github.com/gregberge/svgr
2824,https://github.com/streetsidesoftware/cspell,https://github.com/numpy/numpy
2834,https://github.com/streetsidesoftware/cspell,https://github.com/mmcloughlin/addchain
2835,https://github.com/streetsidesoftware/cspell,https://github.com/kaelzhang/node-ignore
2837,https://github.com/streetsidesoftware/cspell,https://github.com/google/flatbuffers
2841,https://github.com/streetsidesoftware/cspell,https://github.com/fastify/fastify
2845,https://github.com/boa-dev/boa,https://github.com/ajv-validator/ajv
2852,https://github.com/pandas-dev/pandas,https://github.com/axios/axios
2855,https://github.com/pandas-dev/pandas,https://github.com/jedisct1/go-minisign
2860,https://github.com/pandas-dev/pandas,https://github.com/facebook/react
2862,https://github.com/pandas-dev/pandas,https://github.com/go-task/slim-sprig
2867,https://github.com/pandas-dev/pandas,https://github.com/eslint/eslint
2872,https://github.com/pandas-dev/pandas,https://github.com/gregberge/svgr
2873,https://github.com/pandas-dev/pandas,https://github.com/heim-rs/darwin-libproc
2874,https://github.com/pandas-dev/pandas,https://github.com/numpy/numpy
2877,https://github.com/pandas-dev/pandas,https://github.com/motdotla/dotenv
2883,https://github.com/pandas-dev/pandas,https://github.com/formatjs/formatjs
2892,https://github.com/pandas-dev/pandas,https://github.com/alexeyraspopov/picocolors
2896,https://github.com/inikulin/parse5,https://github.com/emotion-js/emotion
2897,https://github.com/inikulin/parse5,https://github.com/immerjs/immer
2898,https://github.com/inikulin/parse5,https://github.com/facebook/react
2904,https://github.com/inikulin/parse5,https://github.com/humanwhocodes/object-schema
2910,https://github.com/inikulin/parse5,https://github.com/gregberge/svgr
2911,https://github.com/inikulin/parse5,https://github.com/heim-rs/darwin-libproc
2913,https://github.com/inikulin/parse5,https://github.com/babel/babel
2917,https://github.com/inikulin/parse5,https://github.com/getsentry/sentry-javascript
2919,https://github.com/inikulin/parse5,https://github.com/google/flatbuffers
2922,https://github.com/inikulin/parse5,https://github.com/fastify/fastify
2924,https://github.com/nodeca/js-yaml,https://github.com/ethers-io/ethers.js
2934,https://github.com/nodeca/js-yaml,https://github.com/emotion-js/emotion
2936,https://github.com/nodeca/js-yaml,https://github.com/eslint/eslint
2938,https://github.com/nodeca/js-yaml,https://github.com/babel/babel
2942,https://github.com/nodeca/js-yaml,https://github.com/inikulin/parse5
2947,https://github.com/nodeca/js-yaml,https://github.com/mattn/go-isatty
2948,https://github.com/nodeca/js-yaml,https://github.com/boa-dev/boa
2949,https://github.com/nodeca/js-yaml,https://github.com/floating-ui/floating-ui
2952,https://github.com/nodeca/js-yaml,https://github.com/debug-js/debug
2955,https://github.com/nodeca/js-yaml,https://github.com/lukeed/polka
2960,https://github.com/nodeca/js-yaml,https://github.com/ljharb/qs
2961,https://github.com/nodeca/js-yaml,https://github.com/google/flatbuffers
2971,https://github.com/formatjs/formatjs,https://github.com/cssnano/cssnano
2972,https://github.com/formatjs/formatjs,https://github.com/emotion-js/emotion
2973,https://github.com/formatjs/formatjs,https://github.com/eslint/eslint
2980,https://github.com/formatjs/formatjs,https://github.com/floating-ui/floating-ui
2981,https://github.com/formatjs/formatjs,https://github.com/debug-js/debug
2983,https://github.com/yahoo/serialize-javascript,https://github.com/eslint/eslint
2990,https://github.com/yahoo/serialize-javascript,https://github.com/vuejs/vue
2994,https://github.com/yahoo/serialize-javascript,https://github.com/mochajs/mocha
2995,https://github.com/yahoo/serialize-javascript,https://github.com/clap-rs/clap
2996,https://github.com/yahoo/serialize-javascript,https://github.com/floating-ui/floating-ui
2997,https://github.com/yahoo/serialize-javascript,https://github.com/debug-js/debug
2999,https://github.com/yahoo/serialize-javascript,https://github.com/getsentry/sentry-javascript
3001,https://github.com/yahoo/serialize-javascript,https://github.com/pnpm/cmd-shim
3002,https://github.com/yahoo/serialize-javascript,https://github.com/rollup/rollup
3008,https://github.com/yahoo/serialize-javascript,https://github.com/rich-harris/magic-string
3012,https://github.com/yahoo/serialize-javascript,https://github.com/jedisct1/go-minisign
3013,https://github.com/yahoo/serialize-javascript,https://github.com/formatjs/formatjs
3014,https://github.com/yahoo/serialize-javascript,https://github.com/electron/electron
3018,https://github.com/yahoo/serialize-javascript,https://github.com/humanwhocodes/object-schema
3019,https://github.com/yahoo/serialize-javascript,https://github.com/mmcloughlin/addchain
3024,https://github.com/yahoo/serialize-javascript,https://github.com/mattn/go-isatty
3025,https://github.com/yahoo/serialize-javascript,https://github.com/numpy/numpy
3028,https://github.com/yahoo/serialize-javascript,https://github.com/pytest-dev/pytest
3032,https://github.com/yahoo/serialize-javascript,https://github.com/pion/webrtc
3034,https://github.com/yahoo/serialize-javascript,https://github.com/prettier/prettier
3036,https://github.com/yahoo/serialize-javascript,https://github.com/motdotla/dotenv
3037,https://github.com/yahoo/serialize-javascript,https://github.com/tklauser/go-sysconf
3039,https://github.com/yahoo/serialize-javascript,https://github.com/heim-rs/darwin-libproc
3046,https://github.com/mmcloughlin/addchain,https://github.com/babel/babel
3047,https://github.com/mmcloughlin/addchain,https://github.com/go-task/slim-sprig
3050,https://github.com/mmcloughlin/addchain,https://github.com/clap-rs/clap
3053,https://github.com/mmcloughlin/addchain,https://github.com/import-js/eslint-plugin-import
3058,https://github.com/mmcloughlin/addchain,https://github.com/jedisct1/go-minisign
3059,https://github.com/mmcloughlin/addchain,https://github.com/formatjs/formatjs
3060,https://github.com/mmcloughlin/addchain,https://github.com/electron/electron
3069,https://github.com/mmcloughlin/addchain,https://github.com/axios/axios
3072,https://github.com/mmcloughlin/addchain,https://github.com/boa-dev/boa
3077,https://github.com/kaelzhang/node-ignore,https://github.com/ethers-io/ethers.js
3078,https://github.com/kaelzhang/node-ignore,https://github.com/facebook/react
3081,https://github.com/kaelzhang/node-ignore,https://github.com/debug-js/debug
3084,https://github.com/kaelzhang/node-ignore,https://github.com/dcodeio/long.js
3086,https://github.com/kaelzhang/node-ignore,https://github.com/ajv-validator/ajv
3090,https://github.com/kaelzhang/node-ignore,https://github.com/gulpjs/gulp
3091,https://github.com/kaelzhang/node-ignore,https://github.com/humanwhocodes/object-schema
3092,https://github.com/kaelzhang/node-ignore,https://github.com/browserslist/browserslist
3095,https://github.com/kaelzhang/node-ignore,https://github.com/epoberezkin/fast-deep-equal
3097,https://github.com/kaelzhang/node-ignore,https://github.com/chzyer/readline
3098,https://github.com/kaelzhang/node-ignore,https://github.com/heim-rs/darwin-libproc
3099,https://github.com/kaelzhang/node-ignore,https://github.com/boa-dev/boa
3101,https://github.com/tklauser/go-sysconf,https://github.com/eslint/eslint
3103,https://github.com/tklauser/go-sysconf,https://github.com/nodeca/js-yaml
3117,https://github.com/tklauser/go-sysconf,https://github.com/pnpm/cmd-shim
3122,https://github.com/tklauser/go-sysconf,https://github.com/immerjs/immer
3123,https://github.com/tklauser/go-sysconf,https://github.com/salesforce/tough-cookie
3126,https://github.com/tklauser/go-sysconf,https://github.com/swc-project/swc
3131,https://github.com/tklauser/go-sysconf,https://github.com/gulpjs/gulp
3132,https://github.com/tklauser/go-sysconf,https://github.com/sheetjs/js-crc32
3134,https://github.com/tklauser/go-sysconf,https://github.com/mmcloughlin/addchain
3136,https://github.com/tklauser/go-sysconf,https://github.com/browserslist/browserslist
3139,https://github.com/tklauser/go-sysconf,https://github.com/numpy/numpy
3143,https://github.com/tklauser/go-sysconf,https://github.com/emotion-js/emotion
3146,https://github.com/tklauser/go-sysconf,https://github.com/prettier/prettier
3148,https://github.com/tklauser/go-sysconf,https://github.com/motdotla/dotenv
3150,https://github.com/tklauser/go-sysconf,https://github.com/heim-rs/darwin-libproc
3157,https://github.com/vitest-dev/vitest,https://github.com/browserslist/browserslist
3163,https://github.com/vitest-dev/vitest,https://github.com/vercel/swr
3164,https://github.com/vitest-dev/vitest,https://github.com/import-js/eslint-plugin-import
3166,https://github.com/vitest-dev/vitest,https://github.com/pnpm/cmd-shim
3168,https://github.com/vitest-dev/vitest,https://github.com/electron/electron
3173,https://github.com/vitest-dev/vitest,https://github.com/mattn/go-isatty
3180,https://github.com/vitest-dev/vitest,https://github.com/facebook/react
3181,https://github.com/vitest-dev/vitest,https://github.com/salesforce/tough-cookie
3201,https://github.com/vitest-dev/vitest,https://github.com/brooooooklyn/snappy
3202,https://github.com/vitest-dev/vitest,https://github.com/lukeed/polka
3204,https://github.com/vitest-dev/vitest,https://github.com/biomejs/biome
3208,https://github.com/google/flatbuffers,https://github.com/browserslist/browserslist
3211,https://github.com/google/flatbuffers,https://github.com/debug-js/debug
3213,https://github.com/google/flatbuffers,https://github.com/electron/electron
3214,https://github.com/google/flatbuffers,https://github.com/ethers-io/ethers.js
3216,https://github.com/google/flatbuffers,https://github.com/boa-dev/boa
3225,https://github.com/biomejs/biome,https://github.com/babel/babel
3229,https://github.com/fastify/fastify,https://github.com/boa-dev/boa
3232,https://github.com/fastify/fastify,https://github.com/facebook/react
3235,https://github.com/fastify/fastify,https://github.com/axios/axios
3237,https://github.com/fastify/fastify,https://github.com/electron/electron
3238,https://github.com/fastify/fastify,https://github.com/eslint/eslint
3239,https://github.com/fastify/fastify,https://github.com/clap-rs/clap
3240,https://github.com/fastify/fastify,https://github.com/alexeyraspopov/picocolors
3245,https://github.com/servo/rust-smallvec,https://github.com/floating-ui/floating-ui
3246,https://github.com/servo/rust-smallvec,https://github.com/level/levelup
3247,https://github.com/servo/rust-smallvec,https://github.com/babel/babel
3249,https://github.com/servo/rust-smallvec,https://github.com/mattn/go-isatty
3250,https://github.com/servo/rust-smallvec,https://github.com/prettier/prettier
3254,https://github.com/servo/rust-smallvec,https://github.com/fastify/fastify
3255,https://github.com/servo/rust-smallvec,https://github.com/boa-dev/boa
3256,https://github.com/servo/rust-smallvec,https://github.com/ajv-validator/ajv
3257,https://github.com/servo/rust-smallvec,https://github.com/biomejs/biome
3264,https://github.com/servo/rust-smallvec,https://github.com/mochajs/mocha
3266,https://github.com/servo/rust-smallvec,https://github.com/humanwhocodes/object-schema
3268,https://github.com/servo/rust-smallvec,https://github.com/node-fetch/node-fetch
3270,https://github.com/servo/rust-smallvec,https://github.com/go-task/slim-sprig
3273,https://github.com/servo/rust-smallvec,https://github.com/debug-js/debug
3277,https://github.com/servo/rust-smallvec,https://github.com/gulpjs/gulp
3279,https://github.com/servo/rust-smallvec,https://github.com/ljharb/qs
3281,https://github.com/supranational/blst,https://github.com/status-im/nimbus-eth2
3283,https://github.com/supranational/blst,https://github.com/eth-infinitism/account-abstraction
3284,https://github.com/supranational/blst,https://github.com/sigp/lighthouse
3288,https://github.com/supranational/blst,https://github.com/consensys/teku
3291,https://github.com/supranational/blst,https://github.com/crate-crypto/go-ipa
3292,https://github.com/supranational/blst,https://github.com/ethereum/remix-project
3294,https://github.com/supranational/blst,https://github.com/chainsafe/lodestar
3295,https://github.com/supranational/blst,https://github.com/nomicfoundation/hardhat
3298,https://github.com/supranational/blst,https://github.com/alloy-rs/core
3299,https://github.com/supranational/blst,https://github.com/bluealloy/revm
3300,https://github.com/supranational/blst,https://github.com/ipfs/js-ipfs
3305,https://github.com/status-im/nimbus-eth2,https://github.com/protofire/solhint
3308,https://github.com/status-im/nimbus-eth2,https://github.com/ethereum/solidity
3316,https://github.com/status-im/nimbus-eth2,https://github.com/paradigmxyz/reth
3319,https://github.com/status-im/nimbus-eth2,https://github.com/ipfs/js-ipfs
3323,https://github.com/status-im/nimbus-eth2,https://github.com/grandinetech/grandine
3326,https://github.com/safe-global/safe-smart-account,https://github.com/eth-infinitism/account-abstraction
3327,https://github.com/safe-global/safe-smart-account,https://github.com/ethers-io/ethers.js
3329,https://github.com/safe-global/safe-smart-account,https://github.com/consensys/teku
3334,https://github.com/safe-global/safe-smart-account,https://github.com/ethereum/go-ethereum
3339,https://github.com/eth-infinitism/account-abstraction,https://github.com/alloy-rs/core
3342,https://github.com/crate-crypto/go-ipa,https://github.com/consensys/teku
3348,https://github.com/paradigmxyz/reth,https://github.com/libp2p/go-libp2p
3351,https://github.com/paradigmxyz/reth,https://github.com/chainsafe/lodestar
3360,https://github.com/paradigmxyz/reth,https://github.com/erigontech/erigon
3361,https://github.com/paradigmxyz/reth,https://github.com/grandinetech/grandine
3363,https://github.com/libp2p/go-libp2p,https://github.com/ethers-io/ethers.js
3365,https://github.com/libp2p/go-libp2p,https://github.com/crate-crypto/go-ipa
3369,https://github.com/libp2p/go-libp2p,https://github.com/bluealloy/revm
3372,https://github.com/libp2p/go-libp2p,https://github.com/ipfs/js-ipfs
3373,https://github.com/libp2p/go-libp2p,https://github.com/ethereumjs/ethereumjs-monorepo
3376,https://github.com/libp2p/go-libp2p,https://github.com/ethereum/solc-js
3388,https://github.com/quic-go/quic-go,https://github.com/chainsafe/lodestar
3390,https://github.com/quic-go/quic-go,https://github.com/grandinetech/grandine
3391,https://github.com/quic-go/quic-go,https://github.com/ethereum/solidity
3394,https://github.com/quic-go/quic-go,https://github.com/bluealloy/revm
3398,https://github.com/grandinetech/grandine,https://github.com/chainsafe/lodestar
3400,https://github.com/grandinetech/grandine,https://github.com/ethereum/solidity
3403,https://github.com/grandinetech/grandine,https://github.com/ethereum/solc-js
3405,https://github.com/ethereum/solc-js,https://github.com/chainsafe/lodestar
3406,https://github.com/ethereum/solc-js,https://github.com/erigontech/erigon
3409,https://github.com/erigontech/erigon,https://github.com/chainsafe/lodestar